姓名,学号,邮箱,志愿1,志愿2,推荐人
测试学生01,20260001,20260001@smbu.edu.cn,项目开发部,算法组,测试推荐人甲
测试学生02,20260002,20260002@smbu.edu.cn,算法组,,
测试学生03,20260003,20260003@smbu.edu.cn,视觉设计部,项目开发部,测试推荐人乙
测试学生04,20260004,20260004@smbu.edu.cn,运营部,,
测试学生05,20260005,20260005@smbu.edu.cn,项目开发部,视觉设计部,
测试学生06,20260006,20260006@smbu.edu.cn,算法组,项目开发部,测试推荐人甲
测试学生07,20260007,20260007@smbu.edu.cn,视觉设计部,,
测试学生08,20260008,20260008@smbu.edu.cn,运营部,算法组,
测试学生09,20260009,20260009@smbu.edu.cn,项目开发部,,测试推荐人乙
测试学生10,20260010,20260010@smbu.edu.cn,算法组,视觉设计部,
测试学生11,20260011,20260011@smbu.edu.cn,视觉设计部,,
测试学生12,20260012,20260012@smbu.edu.cn,运营部,项目开发部,测试推荐人甲
测试学生13,20260013,20260013@smbu.edu.cn,项目开发部,,
测试学生14,20260014,20260014@smbu.edu.cn,算法组,运营部,
测试学生15,20260015,20260015@smbu.edu.cn,视觉设计部,项目开发部,测试推荐人乙
测试学生16,20260016,20260016@smbu.edu.cn,运营部,,
测试学生17,20260017,20260017@smbu.edu.cn,项目开发部,算法组,
测试学生18,20260018,20260018@smbu.edu.cn,算法组,,测试推荐人甲
测试学生19,20260019,20260019@smbu.edu.cn,视觉设计部,运营部,
测试学生20,20260020,20260020@smbu.edu.cn,运营部,,
测试学生21,20260021,20260021@smbu.edu.cn,项目开发部,视觉设计部,测试推荐人乙
测试学生22,20260022,20260022@smbu.edu.cn,算法组,,
测试学生23,20260023,20260023@smbu.edu.cn,视觉设计部,项目开发部,
测试学生24,20260024,20260024@smbu.edu.cn,运营部,算法组,测试推荐人甲
测试学生25,20260025,20260025@smbu.edu.cn,项目开发部,,
测试学生26,20260026,20260026@smbu.edu.cn,算法组,视觉设计部,
测试学生27,20260027,20260027@smbu.edu.cn,视觉设计部,,测试推荐人乙
测试学生28,20260028,20260028@smbu.edu.cn,运营部,项目开发部,
测试学生29,20260029,20260029@smbu.edu.cn,项目开发部,,
测试学生30,20260030,20260030@smbu.edu.cn,算法组,运营部,测试推荐人甲
,20260031,20260031@smbu.edu.cn,视觉设计部,,
测试学生32,20A60032,20A60032@smbu.edu.cn,运营部,,
测试学生33,20260033,wrong33@smbu.edu.cn,项目开发部,算法组,
测试学生34,20260034,20260034@smbu.edu.cn,,,测试推荐人乙
测试学生35甲,20260035,20260035@smbu.edu.cn,算法组,,
测试学生35乙,20260035,20260035@smbu.edu.cn,视觉设计部,项目开发部,
测试学生37,20260037,,运营部,,
测试学生37,20260037,,运营部,,
"   ",20260039,20260039@smbu.edu.cn,项目开发部,,
测试学生40,000040,000040@smbu.edu.cn,算法组,视觉设计部,测试推荐人甲
